Bot,AvgTurns
5x Random Bot,70.57142857142857
Random Bot,62.714285714285715
Bot Ross,60.0
Adventurous King Bot,54.0
Idiot,47.57142857142857
One Piece Random Bot,42.857142857142854
Assassin Bot,38.714285714285715
Shield Bot,38.285714285714285
BOTential,36.57142857142857
Bottus Maximus,36.285714285714285
Pawn Bot,34.285714285714285
G2EBot,32.857142857142854
Savage Beastbot,32.42857142857143
One Move Bot,30.857142857142858
Bloodbot,27.714285714285715
Kamikaze Bot,27.714285714285715
